{
  "$ref": "#/definitions/feed",
  "definitions": {
    "feed": {
      "type": "object",
      "properties": {
        "title": {
          "type": "string"
        },
        "date": {
          "anyOf": [
            {
              "type": "string",
              "format": "date-time"
            },
            {
              "type": "string",
              "format": "date"
            },
            {
              "type": "integer",
              "format": "unix-time"
            }
          ]
        },
        "thumbnail": {
          "type": "string"
        },
        "contentBlocks": {
          "type": "array",
          "items": {
            "anyOf": [
              {
                "type": "object",
                "properties": {
                  "type": {
                    "type": "string",
                    "const": "twoColumn"
                  },
                  "left": {
                    "type": "string"
                  },
                  "right": {
                    "type": "string"
                  }
                },
                "required": [
                  "type"
                ],
                "additionalProperties": false
              },
              {
                "type": "object",
                "properties": {
                  "type": {
                    "type": "string",
                    "const": "fullWidthImage"
                  },
                  "image": {
                    "type": "string"
                  },
                  "alt": {
                    "type": "string"
                  }
                },
                "required": [
                  "type",
                  "image"
                ],
                "additionalProperties": false
              },
              {
                "type": "object",
                "properties": {
                  "type": {
                    "type": "string",
                    "const": "fullWidthEmbed"
                  },
                  "embedCode": {
                    "type": "string"
                  }
                },
                "required": [
                  "type",
                  "embedCode"
                ],
                "additionalProperties": false
              }
            ]
          }
        },
        "$schema": {
          "type": "string"
        }
      },
      "required": [
        "title"
      ],
      "additionalProperties": false
    }
  },
  "$schema": "http://json-schema.org/draft-07/schema#"
}