[["Map",1,2,9,10],"meta::meta",["Map",3,4,5,6,7,8],"astro-version","5.6.1","astro-config-digest","{\"root\":{},\"srcDir\":{},\"publicDir\":{},\"outDir\":{},\"cacheDir\":{},\"compressHTML\":true,\"base\":\"/\",\"trailingSlash\":\"ignore\",\"output\":\"static\",\"scopedStyleStrategy\":\"attribute\",\"build\":{\"format\":\"directory\",\"client\":{},\"server\":{},\"assets\":\"_astro\",\"serverEntry\":\"entry.mjs\",\"redirects\":true,\"inlineStylesheets\":\"auto\",\"concurrency\":1},\"server\":{\"open\":false,\"host\":false,\"port\":4321,\"streaming\":true,\"allowedHosts\":[]},\"redirects\":{},\"image\":{\"endpoint\":{\"route\":\"/_image\"},\"service\":{\"entrypoint\":\"astro/assets/services/sharp\",\"config\":{}},\"domains\":[],\"remotePatterns\":[]},\"devToolbar\":{\"enabled\":true},\"markdown\":{\"syntaxHighlight\":{\"type\":\"shiki\",\"excludeLangs\":[\"math\"]},\"shikiConfig\":{\"langs\":[],\"langAlias\":{},\"theme\":\"github-dark\",\"themes\":{},\"wrap\":false,\"transformers\":[]},\"remarkPlugins\":[],\"rehypePlugins\":[],\"remarkRehype\":{},\"gfm\":true,\"smartypants\":true},\"security\":{\"checkOrigin\":true},\"env\":{\"schema\":{},\"validateSecrets\":false},\"experimental\":{\"clientPrerender\":false,\"contentIntellisense\":false,\"responsiveImages\":false,\"svg\":false,\"serializeConfig\":false,\"headingIdCompat\":false,\"preserveScriptOrder\":false},\"legacy\":{\"collections\":false}}","content-config-digest","c91f2fe1ed4f4f93","feed",["Map",11,12,54,55,83,84],"2025-04-22-february-2025",{"id":11,"data":13,"filePath":35,"digest":36,"rendered":37,"legacyId":53},{"title":14,"date":15,"thumbnail":16,"contentBlocks":17},"German federal elections with Channel 4 News",["Date","2025-02-25T01:01:00.000Z"],"/uploads/josh-pic-1.jpg",[18,21,25,28,30,32],{"type":19,"image":20},"fullWidthImage","/uploads/josh-pic-2.jpg",{"type":22,"left":23,"right":24},"twoColumn","I worked with Channel 4 News team covering the German federal election. My tasks included preliminary research and fact-checking; local fixing (interviewees and locations) and scheduling; translations and field production.\n\nTeam highlights included: successfully arranging last-minute access to a final pre-election event with Friedrich Merz, including presenting on-site during the event; gaining access to some of the key AfD politicians, including Alice Weidel, Beatrix von Storch (long-form studio interview) and Rene Springer (on-location interview); safely accessing two AfD rallies and gaining relevant vox pops; securing valuable live guests on a very short notice.","Client: Channel 4 News\n\nProducer: Simon Stanleigh\n\nEditor: Matt Frei\n\nCamera: Josh Ho",{"type":26,"embedCode":27},"fullWidthEmbed","\u003Ciframe width=\"560\" height=\"315\" src=\"https://www.youtube.com/embed/k3TNz8In_gA?si=IYs8URr-bGKjtE9M\" title=\"YouTube video player\" frameborder=\"0\" allow=\"accelerometer; autoplay; clipboard-write; encrypted-media; gyroscope; picture-in-picture; web-share\" referrerpolicy=\"strict-origin-when-cross-origin\" allowfullscreen>\u003C/iframe>",{"type":26,"embedCode":29},"\u003Ciframe width=\"560\" height=\"315\" src=\"https://www.youtube.com/embed/-xbsM0VysAE?si=_CEZdx62PR7alkLU\" title=\"YouTube video player\" frameborder=\"0\" allow=\"accelerometer; autoplay; clipboard-write; encrypted-media; gyroscope; picture-in-picture; web-share\" referrerpolicy=\"strict-origin-when-cross-origin\" allowfullscreen>\u003C/iframe>",{"type":26,"embedCode":31},"\u003Ciframe width=\"560\" height=\"315\" src=\"https://www.youtube.com/embed/rHpYoa7Pmq0?si=oJPJzzDqHgy0vM2O\" title=\"YouTube video player\" frameborder=\"0\" allow=\"accelerometer; autoplay; clipboard-write; encrypted-media; gyroscope; picture-in-picture; web-share\" referrerpolicy=\"strict-origin-when-cross-origin\" allowfullscreen>\u003C/iframe>",{"type":22,"left":33,"right":34},"\u003Ciframe width=\"560\" height=\"315\" src=\"https://www.youtube.com/embed/qo2z0dxbM10?si=8c6bjIlXTg4DAKfK\" title=\"YouTube video player\" frameborder=\"0\" allow=\"accelerometer; autoplay; clipboard-write; encrypted-media; gyroscope; picture-in-picture; web-share\" referrerpolicy=\"strict-origin-when-cross-origin\" allowfullscreen>\u003C/iframe>","\u003Ciframe width=\"560\" height=\"315\" src=\"https://www.youtube.com/embed/o2D0gcM68YU?si=3R9TOz3k3dosEHSq\" title=\"YouTube video player\" frameborder=\"0\" allow=\"accelerometer; autoplay; clipboard-write; encrypted-media; gyroscope; picture-in-picture; web-share\" referrerpolicy=\"strict-origin-when-cross-origin\" allowfullscreen>\u003C/iframe>","src/content/feed/2025-04-22-february-2025.md","8d97487c646e6871",{"html":38,"metadata":39},"",{"headings":40,"localImagePaths":41,"remoteImagePaths":42,"frontmatter":43,"imagePaths":52},[],[],[],{"title":14,"date":44,"thumbnail":16,"contentBlocks":45},["Date","2025-02-25T01:01:00.000Z"],[46,47,48,49,50,51],{"type":19,"image":20},{"type":22,"left":23,"right":24},{"type":26,"embedCode":27},{"type":26,"embedCode":29},{"type":26,"embedCode":31},{"type":22,"right":34,"left":33},[],"2025-04-22-february-2025.md","2025-04-22-january-2025",{"id":54,"data":56,"filePath":68,"digest":69,"rendered":70,"legacyId":82},{"title":57,"date":58,"thumbnail":59,"contentBlocks":60},"Covering the German left-wing protesters",["Date","2025-01-29T01:01:00.000Z"],"/uploads/250120-riesa-rising-thumb.png",[61,64,66],{"type":22,"left":62,"right":63},"Together with Kristjan Knall, the creator of [Unignorierbar: Die Stimme der Wiederstands](https://www.youtube.com/@UnignorierbarWiderstand), we made two fast-paced gonzo-style pieces focused around the German left-wing protest culture. \n\nWe travelled to Riesa, a small town in Saxony, where we documented the actions of people protesting against the AfD in midst of that party's conference, their confrontations with the police as well as the voices of local people.\n\nBack in Berlin, a few weeks later, we followed the activists protesting against the \"Welt Economic Forum\", a high-level business conference attended by industry leaders and top politicians, organised by Axel Springer AG.","Client: own production (Unignorierbar x Reisebüro)\n\nReporter: Kristjan Knall\n\nResponsibilities: Camera, Editing, Sound, Colour correction, VFX, Translations",{"type":26,"embedCode":65},"\u003Ciframe width=\"560\" height=\"315\" src=\"https://www.youtube.com/embed/Gsep0vdgOcw?si=nFhgKLmo1xUZuQeU\" title=\"YouTube video player\" frameborder=\"0\" allow=\"accelerometer; autoplay; clipboard-write; encrypted-media; gyroscope; picture-in-picture; web-share\" referrerpolicy=\"strict-origin-when-cross-origin\" allowfullscreen>\u003C/iframe>",{"type":26,"embedCode":67},"\u003Ciframe width=\"560\" height=\"315\" src=\"https://www.youtube.com/embed/NbuQ58ZT-0w?si=ixt66ymq7N_y2YmO\" title=\"YouTube video player\" frameborder=\"0\" allow=\"accelerometer; autoplay; clipboard-write; encrypted-media; gyroscope; picture-in-picture; web-share\" referrerpolicy=\"strict-origin-when-cross-origin\" allowfullscreen>\u003C/iframe>","src/content/feed/2025-04-22-january-2025.md","54b52e9afb8f5225",{"html":38,"metadata":71},{"headings":72,"localImagePaths":73,"remoteImagePaths":74,"frontmatter":75,"imagePaths":81},[],[],[],{"title":57,"date":76,"thumbnail":59,"contentBlocks":77},["Date","2025-01-29T01:01:00.000Z"],[78,79,80],{"type":22,"left":62,"right":63},{"type":26,"embedCode":65},{"type":26,"embedCode":67},[],"2025-04-22-january-2025.md","2025-04-22-march-2025",{"id":83,"data":85,"filePath":97,"digest":98,"rendered":99,"legacyId":111},{"title":86,"date":87,"thumbnail":88,"contentBlocks":89},"Audio mixing for the NYT Opinion Audio",["Date","2025-03-28T01:01:00.000Z"],"https://static01.nyt.com/images/2025/04/02/opinion/02opinions-french-gliszczyska/02opinions-french-gliszczyska-superJumbo.jpg?quality=75&auto=webp",[90,93,95],{"type":22,"left":91,"right":92},"I worked with The New York Times Opinion Audio team to provide on-site audio mixing for David French's remote interview with prof. Aleksandra Gliszczyńska-Grabias in Warsaw","Client: The New York Times Opinion Audio\n\nProducer: Jillian Weinberger\n\nPublished on: April 2nd 2025",{"type":26,"embedCode":94},"\u003Ciframe style=\"border-radius:12px\" src=\"https://open.spotify.com/embed/episode/41sG28ZEVwKsIvyg5VVEYD?utm_source=generator&theme=0\" width=\"100%\" height=\"352\" frameBorder=\"0\" allowfullscreen=\"\" allow=\"autoplay; clipboard-write; encrypted-media; fullscreen; picture-in-picture\" loading=\"lazy\">\u003C/iframe>",{"type":22,"left":96},"The transcript of the interview is available at: https://www.nytimes.com/2025/04/02/opinion/poland-democracy-us.html","src/content/feed/2025-04-22-march-2025.md","23a3aeb8bf472364",{"html":38,"metadata":100},{"headings":101,"localImagePaths":102,"remoteImagePaths":103,"frontmatter":104,"imagePaths":110},[],[],[],{"title":86,"date":105,"thumbnail":88,"contentBlocks":106},["Date","2025-03-28T01:01:00.000Z"],[107,108,109],{"type":22,"left":91,"right":92},{"type":26,"embedCode":94},{"type":22,"left":96},[],"2025-04-22-march-2025.md"]